01_01_Introduction.txt,data,1
01_01_Introduction.txt,databas,2
01_01_Introduction.txt,system,3
01_01_Introduction.txt,program,4
01_01_Introduction.txt,databas system,5
01_01_Introduction.txt,manag system,0
01_01_Introduction.txt,applic,0
01_01_Introduction.txt,databas manag system,0
01_01_Introduction.txt,program oper,0
01_01_Introduction.txt,databas manag,0
02_01_The_Relational_Model.txt,relat,1
02_01_The_Relational_Model.txt,databas,2
02_01_The_Relational_Model.txt,tabl,3
02_01_The_Relational_Model.txt,craig,4
02_01_The_Relational_Model.txt,relat databas,5
02_01_The_Relational_Model.txt,null,0
02_01_The_Relational_Model.txt,colleg,0
02_01_The_Relational_Model.txt,model,0
02_01_The_Relational_Model.txt,photo,0
02_01_The_Relational_Model.txt,student,0
02_02_Querying_Relational_Databases.txt,queri,1
02_02_Querying_Relational_Databases.txt,languag,2
02_02_Querying_Relational_Databases.txt,relat,3
02_02_Querying_Relational_Databases.txt,databas,4
02_02_Querying_Relational_Databases.txt,algebra,5
02_02_Querying_Relational_Databases.txt,pose,0
02_02_Querying_Relational_Databases.txt,relat algebra,0
02_02_Querying_Relational_Databases.txt,relat databas,0
02_02_Querying_Relational_Databases.txt,queri languag,0
02_02_Querying_Relational_Databases.txt,data,0
03_01_Well_Formed_XML_Part_1.txt,xml,1
03_01_Well_Formed_XML_Part_1.txt,element,2
03_01_Well_Formed_XML_Part_1.txt,book,3
03_01_Well_Formed_XML_Part_1.txt,model,4
03_01_Well_Formed_XML_Part_1.txt,tag,5
03_01_Well_Formed_XML_Part_1.txt,relat model,0
03_01_Well_Formed_XML_Part_1.txt,document,0
03_01_Well_Formed_XML_Part_1.txt,data,0
03_01_Well_Formed_XML_Part_1.txt,relat,0
03_01_Well_Formed_XML_Part_1.txt,order,0
03_01_Well_Formed_XML_Part_2.txt,xml,1
03_01_Well_Formed_XML_Part_2.txt,document,2
03_01_Well_Formed_XML_Part_2.txt,parser,3
03_01_Well_Formed_XML_Part_2.txt,xml document,4
03_01_Well_Formed_XML_Part_2.txt,basic structur,5
03_01_Well_Formed_XML_Part_2.txt,form,0
03_01_Well_Formed_XML_Part_2.txt,css,0
03_01_Well_Formed_XML_Part_2.txt,pars xml,0
03_01_Well_Formed_XML_Part_2.txt,form xml,0
03_01_Well_Formed_XML_Part_2.txt,structur,0
03_02_DTDs_IDs_and_IDREFs.txt,dtd,1
03_02_DTDs_IDs_and_IDREFs.txt,book,2
03_02_DTDs_IDs_and_IDREFs.txt,element,3
03_02_DTDs_IDs_and_IDREFs.txt,document,4
03_02_DTDs_IDs_and_IDREFs.txt,xml,5
03_02_DTDs_IDs_and_IDREFs.txt,author,0
03_02_DTDs_IDs_and_IDREFs.txt,valid,0
03_02_DTDs_IDs_and_IDREFs.txt,id,0
03_02_DTDs_IDs_and_IDREFs.txt,remark,0
03_02_DTDs_IDs_and_IDREFs.txt,attribut,0
03_02_XML_Schema.txt,book,1
03_02_XML_Schema.txt,xml,2
03_02_XML_Schema.txt,author,3
03_02_XML_Schema.txt,element,4
03_02_XML_Schema.txt,dtd,5
03_02_XML_Schema.txt,valid,0
03_02_XML_Schema.txt,xml schema,0
03_02_XML_Schema.txt,document,0
03_02_XML_Schema.txt,file,0
03_02_XML_Schema.txt,remark,0
04_01_Introduction_to_JSON_Data_Part_1.txt,json,1
04_01_Introduction_to_JSON_Data_Part_1.txt,model,2
04_01_Introduction_to_JSON_Data_Part_1.txt,data,3
04_01_Introduction_to_JSON_Data_Part_1.txt,array,4
04_01_Introduction_to_JSON_Data_Part_1.txt,json data,5
04_01_Introduction_to_JSON_Data_Part_1.txt,object,0
04_01_Introduction_to_JSON_Data_Part_1.txt,relat model,0
04_01_Introduction_to_JSON_Data_Part_1.txt,xml,0
04_01_Introduction_to_JSON_Data_Part_1.txt,program,0
04_01_Introduction_to_JSON_Data_Part_1.txt,xml json,0
04_01_Introduction_to_JSON_Data_Part_2.txt,json,1
04_01_Introduction_to_JSON_Data_Part_2.txt,xml,2
04_01_Introduction_to_JSON_Data_Part_2.txt,schema,3
04_01_Introduction_to_JSON_Data_Part_2.txt,program,4
04_01_Introduction_to_JSON_Data_Part_2.txt,data,5
04_01_Introduction_to_JSON_Data_Part_2.txt,syntact,0
04_01_Introduction_to_JSON_Data_Part_2.txt,program languag,0
04_01_Introduction_to_JSON_Data_Part_2.txt,valid,0
04_01_Introduction_to_JSON_Data_Part_2.txt,structur,0
04_01_Introduction_to_JSON_Data_Part_2.txt,conform,0
04_02_JSON_Demo.txt,json,1
04_02_JSON_Demo.txt,array,2
04_02_JSON_Demo.txt,object,3
04_02_JSON_Demo.txt,valid,4
04_02_JSON_Demo.txt,label,5
04_02_JSON_Demo.txt,json schema,0
04_02_JSON_Demo.txt,label pair,0
04_02_JSON_Demo.txt,schema,0
04_02_JSON_Demo.txt,string,0
04_02_JSON_Demo.txt,file,0
05_01_Select_Project_Join_Part_1.txt,relat,1
05_01_Select_Project_Join_Part_1.txt,oper,2
05_01_Select_Project_Join_Part_1.txt,select,3
05_01_Select_Project_Join_Part_1.txt,select oper,4
05_01_Select_Project_Join_Part_1.txt,algebra,5
05_01_Select_Project_Join_Part_1.txt,student,0
05_01_Select_Project_Join_Part_1.txt,relat algebra,0
05_01_Select_Project_Join_Part_1.txt,project,0
05_01_Select_Project_Join_Part_1.txt,subscript,0
05_01_Select_Project_Join_Part_1.txt,project oper,0
05_01_Select_Project_Join_Part_2.txt,product,1
05_01_Select_Project_Join_Part_2.txt,cross product,2
05_01_Select_Project_Join_Part_2.txt,cross,3
05_01_Select_Project_Join_Part_2.txt,appli,4
05_01_Select_Project_Join_Part_2.txt,relat,5
05_01_Select_Project_Join_Part_2.txt,student,0
05_01_Select_Project_Join_Part_2.txt,glue,0
05_01_Select_Project_Join_Part_2.txt,dot sid,0
05_01_Select_Project_Join_Part_2.txt,cs,0
05_01_Select_Project_Join_Part_2.txt,duplic,0
05_01_Select_Project_Join_Part_3.txt,natur join,1
05_01_Select_Project_Join_Part_3.txt,join,2
05_01_Select_Project_Join_Part_3.txt,natur,3
05_01_Select_Project_Join_Part_3.txt,cross product,4
05_01_Select_Project_Join_Part_3.txt,product,5
05_01_Select_Project_Join_Part_3.txt,express,0
05_01_Select_Project_Join_Part_3.txt,colleg,0
05_01_Select_Project_Join_Part_3.txt,equal,0
05_01_Select_Project_Join_Part_3.txt,cross,0
05_01_Select_Project_Join_Part_3.txt,combin tupl,0
05_01_Select_Project_Join_Part_4.txt,theta,1
05_01_Select_Project_Join_Part_4.txt,theta join,2
05_01_Select_Project_Join_Part_4.txt,oper,3
05_01_Select_Project_Join_Part_4.txt,join,4
05_01_Select_Project_Join_Part_4.txt,theta join oper,5
05_01_Select_Project_Join_Part_4.txt,join oper,0
05_01_Select_Project_Join_Part_4.txt,theta condit,0
05_01_Select_Project_Join_Part_4.txt,combin,0
05_01_Select_Project_Join_Part_4.txt,relat,0
05_01_Select_Project_Join_Part_4.txt,join theta join,0
05_02_Set_Operators_Renaming_Notation_Part_1.txt,e1,1
05_02_Set_Operators_Renaming_Notation_Part_1.txt,intersect,2
05_02_Set_Operators_Renaming_Notation_Part_1.txt,student,3
05_02_Set_Operators_Renaming_Notation_Part_1.txt,oper,4
05_02_Set_Operators_Renaming_Notation_Part_1.txt,e2,5
05_02_Set_Operators_Renaming_Notation_Part_1.txt,express,0
05_02_Set_Operators_Renaming_Notation_Part_1.txt,relat,0
05_02_Set_Operators_Renaming_Notation_Part_1.txt,circl,0
05_02_Set_Operators_Renaming_Notation_Part_1.txt,id,0
05_02_Set_Operators_Renaming_Notation_Part_1.txt,colleg,0
05_02_Set_Operators_Renaming_Notation_Part_2.txt,renam oper,1
05_02_Set_Operators_Renaming_Notation_Part_2.txt,renam,2
05_02_Set_Operators_Renaming_Notation_Part_2.txt,oper,3
05_02_Set_Operators_Renaming_Notation_Part_2.txt,berkeley,4
05_02_Set_Operators_Renaming_Notation_Part_2.txt,colleg,5
05_02_Set_Operators_Renaming_Notation_Part_2.txt,stanford,0
05_02_Set_Operators_Renaming_Notation_Part_2.txt,berkeley berkeley,0
05_02_Set_Operators_Renaming_Notation_Part_2.txt,instanc colleg,0
05_02_Set_Operators_Renaming_Notation_Part_2.txt,na,0
05_02_Set_Operators_Renaming_Notation_Part_2.txt,stanford berkeley,0
05_02_Set_Operators_Renaming_Notation_Part_3.txt,express,1
05_02_Set_Operators_Renaming_Notation_Part_3.txt,relat,2
05_02_Set_Operators_Renaming_Notation_Part_3.txt,algebra,3
05_02_Set_Operators_Renaming_Notation_Part_3.txt,relat algebra,4
05_02_Set_Operators_Renaming_Notation_Part_3.txt,tree,5
05_02_Set_Operators_Renaming_Notation_Part_3.txt,oper,0
05_02_Set_Operators_Renaming_Notation_Part_3.txt,express express,0
05_02_Set_Operators_Renaming_Notation_Part_3.txt,express tree,0
05_02_Set_Operators_Renaming_Notation_Part_3.txt,colleg,0
05_02_Set_Operators_Renaming_Notation_Part_3.txt,renam,0
06_01_Introduction_to_SQL.txt,languag,1
06_01_Introduction_to_SQL.txt,sql,2
06_01_Introduction_to_SQL.txt,select,3
06_01_Introduction_to_SQL.txt,queri,4
06_01_Introduction_to_SQL.txt,relat,5
06_01_Introduction_to_SQL.txt,statement,0
06_01_Introduction_to_SQL.txt,select statement,0
06_01_Introduction_to_SQL.txt,algebra,0
06_01_Introduction_to_SQL.txt,relat algebra,0
06_01_Introduction_to_SQL.txt,claus,0
06_02_Basic_SELECT_Statement.txt,queri,1
06_02_Basic_SELECT_Statement.txt,student,2
06_02_Basic_SELECT_Statement.txt,appli,3
06_02_Basic_SELECT_Statement.txt,colleg,4
06_02_Basic_SELECT_Statement.txt,gpa,5
06_02_Basic_SELECT_Statement.txt,result,0
06_02_Basic_SELECT_Statement.txt,major,0
06_02_Basic_SELECT_Statement.txt,select,0
06_02_Basic_SELECT_Statement.txt,attribut,0
06_02_Basic_SELECT_Statement.txt,relat,0
06_03_Table_Variables_and_Set_Operators.txt,ee,1
06_03_Table_Variables_and_Set_Operators.txt,queri,2
06_03_Table_Variables_and_Set_Operators.txt,student,3
06_03_Table_Variables_and_Set_Operators.txt,cs,4
06_03_Table_Variables_and_Set_Operators.txt,appli,5
06_03_Table_Variables_and_Set_Operators.txt,pair,0
06_03_Table_Variables_and_Set_Operators.txt,appli cs,0
06_03_Table_Variables_and_Set_Operators.txt,cs ee,0
06_03_Table_Variables_and_Set_Operators.txt,student appli cs,0
06_03_Table_Variables_and_Set_Operators.txt,result,0
06_04_Subqueries_in_FROM_and_SELECT.txt,queri,1
06_04_Subqueries_in_FROM_and_SELECT.txt,gpa,2
06_04_Subqueries_in_FROM_and_SELECT.txt,colleg,3
06_04_Subqueries_in_FROM_and_SELECT.txt,scale gpa,4
06_04_Subqueries_in_FROM_and_SELECT.txt,scale,5
06_04_Subqueries_in_FROM_and_SELECT.txt,claus,0
06_04_Subqueries_in_FROM_and_SELECT.txt,select,0
06_04_Subqueries_in_FROM_and_SELECT.txt,highest,0
06_04_Subqueries_in_FROM_and_SELECT.txt,highest gpa,0
06_04_Subqueries_in_FROM_and_SELECT.txt,queri select,0
06_04_Subqueries_in_WHERE_Clause.txt,queri,1
06_04_Subqueries_in_WHERE_Clause.txt,student,2
06_04_Subqueries_in_WHERE_Clause.txt,gpa,3
06_04_Subqueries_in_WHERE_Clause.txt,cs,4
06_04_Subqueries_in_WHERE_Clause.txt,appli,5
06_04_Subqueries_in_WHERE_Clause.txt,colleg,0
06_04_Subqueries_in_WHERE_Clause.txt,result,0
06_04_Subqueries_in_WHERE_Clause.txt,major cs,0
06_04_Subqueries_in_WHERE_Clause.txt,appli major,0
06_04_Subqueries_in_WHERE_Clause.txt,appli major cs,0
06_05_Aggregation.txt,group,1
06_05_Aggregation.txt,student,2
06_05_Aggregation.txt,queri,3
06_05_Aggregation.txt,claus,4
06_05_Aggregation.txt,appli,5
06_05_Aggregation.txt,colleg,0
06_05_Aggregation.txt,aggreg,0
06_05_Aggregation.txt,count,0
06_05_Aggregation.txt,gpa,0
06_05_Aggregation.txt,cs,0
06_06_NULL_Values.txt,null,1
06_06_NULL_Values.txt,queri,2
06_06_NULL_Values.txt,gpa,3
06_06_NULL_Values.txt,kevin,4
06_06_NULL_Values.txt,student,5
06_06_NULL_Values.txt,run queri,0
06_06_NULL_Values.txt,count,0
06_06_NULL_Values.txt,lauri,0
06_06_NULL_Values.txt,kevin lauri,0
06_06_NULL_Values.txt,distinct gpa,0
06_07_Data_Modification_Statements.txt,appli,1
06_07_Data_Modification_Statements.txt,student,2
06_07_Data_Modification_Statements.txt,delet,3
06_07_Data_Modification_Statements.txt,ee,4
06_07_Data_Modification_Statements.txt,queri,5
06_07_Data_Modification_Statements.txt,major,0
06_07_Data_Modification_Statements.txt,mellon,0
06_07_Data_Modification_Statements.txt,carnegi,0
06_07_Data_Modification_Statements.txt,carnegi mellon,0
06_07_Data_Modification_Statements.txt,command,0
06_08_The_JOIN_Family_of_Operators.txt,join,1
06_08_The_JOIN_Family_of_Operators.txt,condit,2
06_08_The_JOIN_Family_of_Operators.txt,claus,3
06_08_The_JOIN_Family_of_Operators.txt,theta,4
06_08_The_JOIN_Family_of_Operators.txt,outer join,5
06_08_The_JOIN_Family_of_Operators.txt,product,0
06_08_The_JOIN_Family_of_Operators.txt,student,0
06_08_The_JOIN_Family_of_Operators.txt,join oper,0
06_08_The_JOIN_Family_of_Operators.txt,claus product,0
06_08_The_JOIN_Family_of_Operators.txt,queri,0
07_01_Functional_Dependencies_Part_5.txt,function depend,1
07_01_Functional_Dependencies_Part_5.txt,depend,2
07_01_Functional_Dependencies_Part_5.txt,function,3
07_01_Functional_Dependencies_Part_5.txt,axiom,4
07_01_Functional_Dependencies_Part_5.txt,armstrong axiom,5
07_01_Functional_Dependencies_Part_5.txt,armstrong,0
07_01_Functional_Dependencies_Part_5.txt,trivial,0
07_01_Functional_Dependencies_Part_5.txt,set rule,0
07_01_Functional_Dependencies_Part_5.txt,set rule call,0
07_01_Functional_Dependencies_Part_5.txt,rule call,0
07_01_Relational_Design_Overview_Part_1.txt,design,1
07_01_Relational_Design_Overview_Part_1.txt,high school,2
07_01_Relational_Design_Overview_Part_1.txt,school,3
07_01_Relational_Design_Overview_Part_1.txt,high,4
07_01_Relational_Design_Overview_Part_1.txt,hobbi,5
07_01_Relational_Design_Overview_Part_1.txt,palo,0
07_01_Relational_Design_Overview_Part_1.txt,alto,0
07_01_Relational_Design_Overview_Part_1.txt,palo alto,0
07_01_Relational_Design_Overview_Part_1.txt,ann,0
07_01_Relational_Design_Overview_Part_1.txt,anomali,0
07_01_Relational_Design_Overview_Part_2.txt,form,1
07_01_Relational_Design_Overview_Part_2.txt,function depend,2
07_01_Relational_Design_Overview_Part_2.txt,function,3
07_01_Relational_Design_Overview_Part_2.txt,depend,4
07_01_Relational_Design_Overview_Part_2.txt,codd,5
07_01_Relational_Design_Overview_Part_2.txt,codd form,0
07_01_Relational_Design_Overview_Part_2.txt,social secur,0
07_01_Relational_Design_Overview_Part_2.txt,secur number,0
07_01_Relational_Design_Overview_Part_2.txt,social secur number,0
07_01_Relational_Design_Overview_Part_2.txt,secur,0
07_01_Relational_Design_Overview_Part_3.txt,multi depend,1
07_01_Relational_Design_Overview_Part_3.txt,depend,2
07_01_Relational_Design_Overview_Part_3.txt,multi,3
07_01_Relational_Design_Overview_Part_3.txt,form,4
07_01_Relational_Design_Overview_Part_3.txt,high school,5
07_01_Relational_Design_Overview_Part_3.txt,fourth form,0
07_01_Relational_Design_Overview_Part_3.txt,school,0
07_01_Relational_Design_Overview_Part_3.txt,high,0
07_01_Relational_Design_Overview_Part_3.txt,fourth,0
07_01_Relational_Design_Overview_Part_3.txt,social secur,0
07_01_Relational_Design_Overview_Part_4.txt,properti,1
07_01_Relational_Design_Overview_Part_4.txt,depend system guarante,2
07_01_Relational_Design_Overview_Part_4.txt,guarante,3
07_01_Relational_Design_Overview_Part_4.txt,depend system,4
07_01_Relational_Design_Overview_Part_4.txt,form,5
07_01_Relational_Design_Overview_Part_4.txt,mega relat,0
07_01_Relational_Design_Overview_Part_4.txt,system guarante,0
07_01_Relational_Design_Overview_Part_4.txt,relat,0
07_01_Relational_Design_Overview_Part_4.txt,mega,0
07_01_Relational_Design_Overview_Part_4.txt,boyc codd,0
07_02_Functional_Dependencies_Part_1.txt,function depend,1
07_02_Functional_Dependencies_Part_1.txt,function,2
07_02_Functional_Dependencies_Part_1.txt,depend,3
07_02_Functional_Dependencies_Part_1.txt,prioriti,4
07_02_Functional_Dependencies_Part_1.txt,attribut,5
07_02_Functional_Dependencies_Part_1.txt,relat,0
07_02_Functional_Dependencies_Part_1.txt,gpa,0
07_02_Functional_Dependencies_Part_1.txt,dot,0
07_02_Functional_Dependencies_Part_1.txt,gpa prioriti,0
07_02_Functional_Dependencies_Part_1.txt,tupl,0
07_02_Functional_Dependencies_Part_2.txt,function depend,1
07_02_Functional_Dependencies_Part_2.txt,function,2
07_02_Functional_Dependencies_Part_2.txt,depend,3
07_02_Functional_Dependencies_Part_2.txt,high school,4
07_02_Functional_Dependencies_Part_2.txt,school,5
07_02_Functional_Dependencies_Part_2.txt,high,0
07_02_Functional_Dependencies_Part_2.txt,student,0
07_02_Functional_Dependencies_Part_2.txt,high school code,0
07_02_Functional_Dependencies_Part_2.txt,school code,0
07_02_Functional_Dependencies_Part_2.txt,social secur number,0
07_02_Functional_Dependencies_Part_3.txt,determin,1
07_02_Functional_Dependencies_Part_3.txt,function,2
07_02_Functional_Dependencies_Part_3.txt,function depend,3
07_02_Functional_Dependencies_Part_3.txt,attribut,4
07_02_Functional_Dependencies_Part_3.txt,depend,5
07_02_Functional_Dependencies_Part_3.txt,bar,0
07_02_Functional_Dependencies_Part_3.txt,closur,0
07_02_Functional_Dependencies_Part_3.txt,determin determin,0
07_02_Functional_Dependencies_Part_3.txt,high school,0
07_02_Functional_Dependencies_Part_3.txt,school,0
07_02_Functional_Dependencies_Part_4.txt,function depend,1
07_02_Functional_Dependencies_Part_4.txt,function,2
07_02_Functional_Dependencies_Part_4.txt,depend,3
07_02_Functional_Dependencies_Part_4.txt,determin,4
07_02_Functional_Dependencies_Part_4.txt,determin prioriti,5
07_02_Functional_Dependencies_Part_4.txt,set function depend,0
07_02_Functional_Dependencies_Part_4.txt,set function,0
07_02_Functional_Dependencies_Part_4.txt,social secur number determin,0
07_02_Functional_Dependencies_Part_4.txt,number determin,0
07_02_Functional_Dependencies_Part_4.txt,secur number determin,0
07_03_Boyce_Codd_Normal_Form_Part_1.txt,function depend,1
07_03_Boyce_Codd_Normal_Form_Part_1.txt,relat,2
07_03_Boyce_Codd_Normal_Form_Part_1.txt,key,3
07_03_Boyce_Codd_Normal_Form_Part_1.txt,function,4
07_03_Boyce_Codd_Normal_Form_Part_1.txt,depend,5
07_03_Boyce_Codd_Normal_Form_Part_1.txt,codd form,0
07_03_Boyce_Codd_Normal_Form_Part_1.txt,codd,0
07_03_Boyce_Codd_Normal_Form_Part_1.txt,boyc codd,0
07_03_Boyce_Codd_Normal_Form_Part_1.txt,boyc codd form,0
07_03_Boyce_Codd_Normal_Form_Part_1.txt,boyc,0
07_03_Boyce_Codd_Normal_Form_Part_2.txt,function depend,1
07_03_Boyce_Codd_Normal_Form_Part_2.txt,function,2
07_03_Boyce_Codd_Normal_Form_Part_2.txt,depend,3
07_03_Boyce_Codd_Normal_Form_Part_2.txt,decomposit,4
07_03_Boyce_Codd_Normal_Form_Part_2.txt,high school code,5
07_03_Boyce_Codd_Normal_Form_Part_2.txt,school code,0
07_03_Boyce_Codd_Normal_Form_Part_2.txt,relat,0
07_03_Boyce_Codd_Normal_Form_Part_2.txt,hand side,0
07_03_Boyce_Codd_Normal_Form_Part_2.txt,left hand,0
07_03_Boyce_Codd_Normal_Form_Part_2.txt,left hand side,0
07_03_Boyce_Codd_Normal_Form_Part_3.txt,function depend,1
07_03_Boyce_Codd_Normal_Form_Part_3.txt,depend,2
07_03_Boyce_Codd_Normal_Form_Part_3.txt,function,3
07_03_Boyce_Codd_Normal_Form_Part_3.txt,bcnf,4
07_03_Boyce_Codd_Normal_Form_Part_3.txt,r1 r2,5
07_03_Boyce_Codd_Normal_Form_Part_3.txt,r2,0
07_03_Boyce_Codd_Normal_Form_Part_3.txt,decomposit,0
07_03_Boyce_Codd_Normal_Form_Part_3.txt,r1,0
07_03_Boyce_Codd_Normal_Form_Part_3.txt,decompos,0
07_03_Boyce_Codd_Normal_Form_Part_3.txt,relat,0
07_04_Multivalued_Dependencies_and_4th_Normal_Form_Part_1.txt,depend,1
07_04_Multivalued_Dependencies_and_4th_Normal_Form_Part_1.txt,function depend,2
07_04_Multivalued_Dependencies_and_4th_Normal_Form_Part_1.txt,tupl,3
07_04_Multivalued_Dependencies_and_4th_Normal_Form_Part_1.txt,hobbi,4
07_04_Multivalued_Dependencies_and_4th_Normal_Form_Part_1.txt,colleg hobbi,5
07_04_Multivalued_Dependencies_and_4th_Normal_Form_Part_1.txt,form,0
07_04_Multivalued_Dependencies_and_4th_Normal_Form_Part_1.txt,fourth,0
07_04_Multivalued_Dependencies_and_4th_Normal_Form_Part_1.txt,function,0
07_04_Multivalued_Dependencies_and_4th_Normal_Form_Part_1.txt,multi,0
07_04_Multivalued_Dependencies_and_4th_Normal_Form_Part_1.txt,multi depend,0
07_04_Multivalued_Dependencies_and_4th_Normal_Form_Part_2.txt,hobbi,1
07_04_Multivalued_Dependencies_and_4th_Normal_Form_Part_2.txt,multivalu depend,2
07_04_Multivalued_Dependencies_and_4th_Normal_Form_Part_2.txt,multivalu,3
07_04_Multivalued_Dependencies_and_4th_Normal_Form_Part_2.txt,colleg,4
07_04_Multivalued_Dependencies_and_4th_Normal_Form_Part_2.txt,depend,5
07_04_Multivalued_Dependencies_and_4th_Normal_Form_Part_2.txt,appli,0
07_04_Multivalued_Dependencies_and_4th_Normal_Form_Part_2.txt,major,0
07_04_Multivalued_Dependencies_and_4th_Normal_Form_Part_2.txt,hobbi colleg,0
07_04_Multivalued_Dependencies_and_4th_Normal_Form_Part_2.txt,colleg hobbi,0
07_04_Multivalued_Dependencies_and_4th_Normal_Form_Part_2.txt,student,0
07_04_Multivalued_Dependencies_and_4th_Normal_Form_Part_3.txt,depend,1
07_04_Multivalued_Dependencies_and_4th_Normal_Form_Part_3.txt,function depend,2
07_04_Multivalued_Dependencies_and_4th_Normal_Form_Part_3.txt,multivalu,3
07_04_Multivalued_Dependencies_and_4th_Normal_Form_Part_3.txt,multivalu depend,4
07_04_Multivalued_Dependencies_and_4th_Normal_Form_Part_3.txt,multi,5
07_04_Multivalued_Dependencies_and_4th_Normal_Form_Part_3.txt,function,0
07_04_Multivalued_Dependencies_and_4th_Normal_Form_Part_3.txt,multi depend,0
07_04_Multivalued_Dependencies_and_4th_Normal_Form_Part_3.txt,rule,0
07_04_Multivalued_Dependencies_and_4th_Normal_Form_Part_3.txt,multi determin,0
07_04_Multivalued_Dependencies_and_4th_Normal_Form_Part_3.txt,form,0
07_04_Multivalued_Dependencies_and_4th_Normal_Form_Part_4.txt,depend,1
07_04_Multivalued_Dependencies_and_4th_Normal_Form_Part_4.txt,form,2
07_04_Multivalued_Dependencies_and_4th_Normal_Form_Part_4.txt,multi,3
07_04_Multivalued_Dependencies_and_4th_Normal_Form_Part_4.txt,multi depend,4
07_04_Multivalued_Dependencies_and_4th_Normal_Form_Part_4.txt,cd,5
07_04_Multivalued_Dependencies_and_4th_Normal_Form_Part_4.txt,codd form,0
07_04_Multivalued_Dependencies_and_4th_Normal_Form_Part_4.txt,codd,0
07_04_Multivalued_Dependencies_and_4th_Normal_Form_Part_4.txt,boyc,0
07_04_Multivalued_Dependencies_and_4th_Normal_Form_Part_4.txt,boyc codd,0
07_04_Multivalued_Dependencies_and_4th_Normal_Form_Part_4.txt,boyc codd form,0
07_05_Shortcomings_of_BCNF_and_4NF.txt,depend,1
07_05_Shortcomings_of_BCNF_and_4NF.txt,form,2
07_05_Shortcomings_of_BCNF_and_4NF.txt,social secur number,3
07_05_Shortcomings_of_BCNF_and_4NF.txt,social secur,4
07_05_Shortcomings_of_BCNF_and_4NF.txt,secur number,5
07_05_Shortcomings_of_BCNF_and_4NF.txt,secur,0
07_05_Shortcomings_of_BCNF_and_4NF.txt,social,0
07_05_Shortcomings_of_BCNF_and_4NF.txt,function depend,0
07_05_Shortcomings_of_BCNF_and_4NF.txt,relat,0
07_05_Shortcomings_of_BCNF_and_4NF.txt,boyc codd form,0
08_01_XPath_Introduction.txt,xpath,1
08_01_XPath_Introduction.txt,element,2
08_01_XPath_Introduction.txt,navig,3
08_01_XPath_Introduction.txt,slash,4
08_01_XPath_Introduction.txt,tree,5
08_01_XPath_Introduction.txt,path,0
08_01_XPath_Introduction.txt,book,0
08_01_XPath_Introduction.txt,xml,0
08_01_XPath_Introduction.txt,match,0
08_01_XPath_Introduction.txt,write,0
08_02_XPath_Demo.txt,book,1
08_02_XPath_Demo.txt,element,2
08_02_XPath_Demo.txt,author,3
08_02_XPath_Demo.txt,titl,4
08_02_XPath_Demo.txt,magazin,5
08_02_XPath_Demo.txt,queri,0
08_02_XPath_Demo.txt,ullman,0
08_02_XPath_Demo.txt,slash,0
08_02_XPath_Demo.txt,book magazin,0
08_02_XPath_Demo.txt,widom,0
08_03_XQuery_Introduction.txt,xqueri,1
08_03_XQuery_Introduction.txt,queri,2
08_03_XQuery_Introduction.txt,express,3
08_03_XQuery_Introduction.txt,result,4
08_03_XQuery_Introduction.txt,xml,5
08_03_XQuery_Introduction.txt,claus,0
08_03_XQuery_Introduction.txt,type data,0
08_03_XQuery_Introduction.txt,evalu,0
08_03_XQuery_Introduction.txt,flwor,0
08_03_XQuery_Introduction.txt,xpath,0
08_04_XQuery_Demo.txt,book,1
08_04_XQuery_Demo.txt,queri,2
08_04_XQuery_Demo.txt,return,3
08_04_XQuery_Demo.txt,titl,4
08_04_XQuery_Demo.txt,price,5
08_04_XQuery_Demo.txt,claus,0
08_04_XQuery_Demo.txt,author,0
08_04_XQuery_Demo.txt,element,0
08_04_XQuery_Demo.txt,dollar,0
08_04_XQuery_Demo.txt,run,0
08_05_XSLT.txt,templat,1
08_05_XSLT.txt,element,2
08_05_XSLT.txt,book,3
08_05_XSLT.txt,match,4
08_05_XSLT.txt,transform,5
08_05_XSLT.txt,xslt,0
08_05_XSLT.txt,templat match,0
08_05_XSLT.txt,run transform,0
08_05_XSLT.txt,titl,0
08_05_XSLT.txt,widom,0
09_01_UML_Data_Modeling.txt,class,1
09_01_UML_Data_Modeling.txt,object,2
09_01_UML_Data_Modeling.txt,student,3
09_01_UML_Data_Modeling.txt,dot,4
09_01_UML_Data_Modeling.txt,colleg,5
09_01_UML_Data_Modeling.txt,ap,0
09_01_UML_Data_Modeling.txt,relationship,0
09_01_UML_Data_Modeling.txt,uml,0
09_01_UML_Data_Modeling.txt,model,0
09_01_UML_Data_Modeling.txt,ap student,0
09_02_UML_to_Relations_Part_1.txt,dot,1
09_02_UML_to_Relations_Part_1.txt,dot dot,2
09_02_UML_to_Relations_Part_1.txt,key,3
09_02_UML_to_Relations_Part_1.txt,relat,4
09_02_UML_to_Relations_Part_1.txt,side,5
09_02_UML_to_Relations_Part_1.txt,class,0
09_02_UML_to_Relations_Part_1.txt,dot dot dot,0
09_02_UML_to_Relations_Part_1.txt,colleg,0
09_02_UML_to_Relations_Part_1.txt,student,0
09_02_UML_to_Relations_Part_1.txt,c2,0
09_02_UML_to_Relations_Part_2.txt,class,1
09_02_UML_to_Relations_Part_2.txt,super class,2
09_02_UML_to_Relations_Part_2.txt,key,3
09_02_UML_to_Relations_Part_2.txt,super,4
09_02_UML_to_Relations_Part_2.txt,student,5
09_02_UML_to_Relations_Part_2.txt,translat,0
09_02_UML_to_Relations_Part_2.txt,relat,0
09_02_UML_to_Relations_Part_2.txt,ap,0
09_02_UML_to_Relations_Part_2.txt,attribut,0
09_02_UML_to_Relations_Part_2.txt,class class,0
09_02_UML_to_Relations_Part_3.txt,class,1
09_02_UML_to_Relations_Part_3.txt,dot,2
09_02_UML_to_Relations_Part_3.txt,composit,3
09_02_UML_to_Relations_Part_3.txt,hand side,4
09_02_UML_to_Relations_Part_3.txt,translat,5
09_02_UML_to_Relations_Part_3.txt,side,0
09_02_UML_to_Relations_Part_3.txt,dot dot,0
09_02_UML_to_Relations_Part_3.txt,hand,0
09_02_UML_to_Relations_Part_3.txt,depart,0
09_02_UML_to_Relations_Part_3.txt,regular,0
10_01_Indexes_Part_1.txt,index,1
10_01_Indexes_Part_1.txt,student,2
10_01_Indexes_Part_1.txt,column,3
10_01_Indexes_Part_1.txt,tupl,4
10_01_Indexes_Part_1.txt,condit,5
10_01_Indexes_Part_1.txt,scan,0
10_01_Indexes_Part_1.txt,build index,0
10_01_Indexes_Part_1.txt,hash,0
10_01_Indexes_Part_1.txt,queri,0
10_01_Indexes_Part_1.txt,hash tabl,0
10_01_Indexes_Part_2.txt,index,1
10_01_Indexes_Part_2.txt,advisor,2
10_01_Indexes_Part_2.txt,design advisor,3
10_01_Indexes_Part_2.txt,databas,4
10_01_Indexes_Part_2.txt,cost,5
10_01_Indexes_Part_2.txt,queri,0
10_01_Indexes_Part_2.txt,index creat,0
10_01_Indexes_Part_2.txt,workload,0
10_01_Indexes_Part_2.txt,design,0
10_01_Indexes_Part_2.txt,build,0
11_01_Introduction_to_Transactions.txt,concept transact,1
11_01_Introduction_to_Transactions.txt,transact,2
11_01_Introduction_to_Transactions.txt,concept,3
11_01_Introduction_to_Transactions.txt,access databas multipl client,4
11_01_Introduction_to_Transactions.txt,access databas multipl,5
11_01_Introduction_to_Transactions.txt,databas system transact import,0
11_01_Introduction_to_Transactions.txt,introduc concept transact,0
11_01_Introduction_to_Transactions.txt,introduc concept transact interact,0
11_01_Introduction_to_Transactions.txt,action databas system transact,0
11_01_Introduction_to_Transactions.txt,action databas system,0
11_02_Transactions_Properties_Part_1.txt,transact,1
11_02_Transactions_Properties_Part_1.txt,client,2
11_02_Transactions_Properties_Part_1.txt,isol,3
11_02_Transactions_Properties_Part_1.txt,statement statement,4
11_02_Transactions_Properties_Part_1.txt,statement statement statement,5
11_02_Transactions_Properties_Part_1.txt,statement,0
11_02_Transactions_Properties_Part_1.txt,sequenc,0
11_02_Transactions_Properties_Part_1.txt,stand,0
11_02_Transactions_Properties_Part_1.txt,failur,0
11_02_Transactions_Properties_Part_1.txt,oper,0
11_02_Transactions_Properties_Part_2.txt,transact,1
11_02_Transactions_Properties_Part_2.txt,t2,2
11_02_Transactions_Properties_Part_2.txt,client,3
11_02_Transactions_Properties_Part_2.txt,t1,4
11_02_Transactions_Properties_Part_2.txt,crash,5
11_02_Transactions_Properties_Part_2.txt,guarante,0
11_02_Transactions_Properties_Part_2.txt,t1 t2,0
11_02_Transactions_Properties_Part_2.txt,effect transact,0
11_02_Transactions_Properties_Part_2.txt,databas,0
11_02_Transactions_Properties_Part_2.txt,transact databas,0
11_02_Transactions_Properties_Part_3.txt,transact,1
11_02_Transactions_Properties_Part_3.txt,client,2
11_02_Transactions_Properties_Part_3.txt,hold,3
11_02_Transactions_Properties_Part_3.txt,constraint hold,4
11_02_Transactions_Properties_Part_3.txt,undo,5
11_02_Transactions_Properties_Part_3.txt,constraint,0
11_02_Transactions_Properties_Part_3.txt,rollback,0
11_02_Transactions_Properties_Part_3.txt,user,0
11_02_Transactions_Properties_Part_3.txt,databas,0
11_02_Transactions_Properties_Part_3.txt,code,0
11_03_Isolation_Levels_Part_1.txt,transact,1
11_03_Isolation_Levels_Part_1.txt,read,2
11_03_Isolation_Levels_Part_1.txt,isol,3
11_03_Isolation_Levels_Part_1.txt,isol level,4
11_03_Isolation_Levels_Part_1.txt,dirti,5
11_03_Isolation_Levels_Part_1.txt,t1,0
11_03_Isolation_Levels_Part_1.txt,t2,0
11_03_Isolation_Levels_Part_1.txt,level,0
11_03_Isolation_Levels_Part_1.txt,commit,0
11_03_Isolation_Levels_Part_1.txt,client,0
11_03_Isolation_Levels_Part_2.txt,read,1
11_03_Isolation_Levels_Part_2.txt,t1,2
11_03_Isolation_Levels_Part_2.txt,transact,3
11_03_Isolation_Levels_Part_2.txt,isol level,4
11_03_Isolation_Levels_Part_2.txt,state tabl,5
11_03_Isolation_Levels_Part_2.txt,commit,0
11_03_Isolation_Levels_Part_2.txt,t2,0
11_03_Isolation_Levels_Part_2.txt,isol,0
11_03_Isolation_Levels_Part_2.txt,statement read,0
11_03_Isolation_Levels_Part_2.txt,transact t1,0
11_03_Isolation_Levels_Part_3.txt,read,1
11_03_Isolation_Levels_Part_3.txt,repeat read,2
11_03_Isolation_Levels_Part_3.txt,t1,3
11_03_Isolation_Levels_Part_3.txt,transact,4
11_03_Isolation_Levels_Part_3.txt,repeat,5
11_03_Isolation_Levels_Part_3.txt,read multipl,0
11_03_Isolation_Levels_Part_3.txt,read multipl time,0
11_03_Isolation_Levels_Part_3.txt,isol level,0
11_03_Isolation_Levels_Part_3.txt,repeat read isol,0
11_03_Isolation_Levels_Part_3.txt,repeat read isol level,0
11_03_Isolation_Levels_Part_4.txt,read,1
11_03_Isolation_Levels_Part_4.txt,transact,2
11_03_Isolation_Levels_Part_4.txt,isol level,3
11_03_Isolation_Levels_Part_4.txt,repeat read,4
11_03_Isolation_Levels_Part_4.txt,isol,5
11_03_Isolation_Levels_Part_4.txt,repeat,0
11_03_Isolation_Levels_Part_4.txt,phantom,0
11_03_Isolation_Levels_Part_4.txt,level,0
11_03_Isolation_Levels_Part_4.txt,dirti,0
11_03_Isolation_Levels_Part_4.txt,dirti read,0
12_01_Motivation_and_Overview.txt,constraint,1
12_01_Motivation_and_Overview.txt,trigger,2
12_01_Motivation_and_Overview.txt,check,3
12_01_Motivation_and_Overview.txt,databas,4
12_01_Motivation_and_Overview.txt,action,5
12_01_Motivation_and_Overview.txt,modif,0
12_01_Motivation_and_Overview.txt,constraint check,0
12_01_Motivation_and_Overview.txt,system,0
12_01_Motivation_and_Overview.txt,monitor,0
12_01_Motivation_and_Overview.txt,data,0
12_02_Constraints_of_Several_Types_Part_1.txt,constraint,1
12_02_Constraints_of_Several_Types_Part_1.txt,student,2
12_02_Constraints_of_Several_Types_Part_1.txt,check,3
12_02_Constraints_of_Several_Types_Part_1.txt,assert,4
12_02_Constraints_of_Several_Types_Part_1.txt,check constraint,5
12_02_Constraints_of_Several_Types_Part_1.txt,key,0
12_02_Constraints_of_Several_Types_Part_1.txt,tabl,0
12_02_Constraints_of_Several_Types_Part_1.txt,insert,0
12_02_Constraints_of_Several_Types_Part_1.txt,null,0
12_02_Constraints_of_Several_Types_Part_1.txt,id,0
12_02_Constraints_of_Several_Types_Part_2.txt,cover separ,1
12_02_Constraints_of_Several_Types_Part_2.txt,cover separ video,2
12_02_Constraints_of_Several_Types_Part_2.txt,separ video,3
12_02_Constraints_of_Several_Types_Part_2.txt,topic trigger cover,4
12_02_Constraints_of_Several_Types_Part_2.txt,separ video relat topic,5
12_02_Constraints_of_Several_Types_Part_2.txt,relat topic trigger cover,0
12_02_Constraints_of_Several_Types_Part_2.txt,relat topic trigger,0
12_02_Constraints_of_Several_Types_Part_2.txt,relat topic,0
12_02_Constraints_of_Several_Types_Part_2.txt,cover separ video relat,0
12_02_Constraints_of_Several_Types_Part_2.txt,topic trigger,0
12_03_Referential_Integrity_Part_1.txt,integr,1
12_03_Referential_Integrity_Part_1.txt,referenti,2
12_03_Referential_Integrity_Part_1.txt,referenti integr,3
12_03_Referential_Integrity_Part_1.txt,student,4
12_03_Referential_Integrity_Part_1.txt,column,5
12_03_Referential_Integrity_Part_1.txt,appli,0
12_03_Referential_Integrity_Part_1.txt,colleg,0
12_03_Referential_Integrity_Part_1.txt,sid,0
12_03_Referential_Integrity_Part_1.txt,direct,0
12_03_Referential_Integrity_Part_1.txt,colleg attribut,0
12_03_Referential_Integrity_Part_2.txt,referenc,1
12_03_Referential_Integrity_Part_2.txt,foreign key,2
12_03_Referential_Integrity_Part_2.txt,foreign,3
12_03_Referential_Integrity_Part_2.txt,referenc attribut,4
12_03_Referential_Integrity_Part_2.txt,key,5
12_03_Referential_Integrity_Part_2.txt,violat,0
12_03_Referential_Integrity_Part_2.txt,referenti integr,0
12_03_Referential_Integrity_Part_2.txt,referenti,0
12_03_Referential_Integrity_Part_2.txt,integr,0
12_03_Referential_Integrity_Part_2.txt,colleg,0
12_03_Referential_Integrity_Part_3.txt,tabl,1
12_03_Referential_Integrity_Part_3.txt,referenti,2
12_03_Referential_Integrity_Part_3.txt,referenti integr,3
12_03_Referential_Integrity_Part_3.txt,integr,4
12_03_Referential_Integrity_Part_3.txt,delet,5
12_03_Referential_Integrity_Part_3.txt,referenti integr constraint,0
12_03_Referential_Integrity_Part_3.txt,integr constraint,0
12_03_Referential_Integrity_Part_3.txt,referenc,0
12_03_Referential_Integrity_Part_3.txt,student,0
12_03_Referential_Integrity_Part_3.txt,constraint,0
12_04_Triggers_Introduction.txt,trigger,1
12_04_Triggers_Introduction.txt,row,2
12_04_Triggers_Introduction.txt,activ,3
12_04_Triggers_Introduction.txt,delet,4
12_04_Triggers_Introduction.txt,trigger activ,5
12_04_Triggers_Introduction.txt,level,0
12_04_Triggers_Introduction.txt,row level,0
12_04_Triggers_Introduction.txt,statement level,0
12_04_Triggers_Introduction.txt,insert,0
12_04_Triggers_Introduction.txt,level trigger,0
12_05_Triggers_Demo_Part_1.txt,trigger,1
12_05_Triggers_Demo_Part_1.txt,insert,2
12_05_Triggers_Demo_Part_1.txt,student,3
12_05_Triggers_Demo_Part_1.txt,activ,4
12_05_Triggers_Demo_Part_1.txt,appli,5
12_05_Triggers_Demo_Part_1.txt,mit,0
12_05_Triggers_Demo_Part_1.txt,stanford,0
12_05_Triggers_Demo_Part_1.txt,tabl,0
12_05_Triggers_Demo_Part_1.txt,colleg,0
12_05_Triggers_Demo_Part_1.txt,trigger activ,0
12_05_Triggers_Demo_Part_2.txt,trigger,1
12_05_Triggers_Demo_Part_2.txt,insert,2
12_05_Triggers_Demo_Part_2.txt,t1,3
12_05_Triggers_Demo_Part_2.txt,activ,4
12_05_Triggers_Demo_Part_2.txt,tabl t1,5
12_05_Triggers_Demo_Part_2.txt,tabl,0
12_05_Triggers_Demo_Part_2.txt,insert tabl,0
12_05_Triggers_Demo_Part_2.txt,trigger activ,0
12_05_Triggers_Demo_Part_2.txt,t2,0
12_05_Triggers_Demo_Part_2.txt,activ trigger,0
13_01_Defining_and_Using_Views.txt,view,1
13_01_Defining_and_Using_Views.txt,queri,2
13_01_Defining_and_Using_Views.txt,cs,3
13_01_Defining_and_Using_Views.txt,accept,4
13_01_Defining_and_Using_Views.txt,cs accept,5
13_01_Defining_and_Using_Views.txt,view view,0
13_01_Defining_and_Using_Views.txt,layer,0
13_01_Defining_and_Using_Views.txt,tabl,0
13_01_Defining_and_Using_Views.txt,refer,0
13_01_Defining_and_Using_Views.txt,conceptu,0
13_02_View_Modifications_Introduction_Part_1.txt,view,1
13_02_View_Modifications_Introduction_Part_1.txt,modif,2
13_02_View_Modifications_Introduction_Part_1.txt,base tabl,3
13_02_View_Modifications_Introduction_Part_1.txt,tabl,4
13_02_View_Modifications_Introduction_Part_1.txt,prime,5
13_02_View_Modifications_Introduction_Part_1.txt,base,0
13_02_View_Modifications_Introduction_Part_1.txt,translat,0
13_02_View_Modifications_Introduction_Part_1.txt,modifi,0
13_02_View_Modifications_Introduction_Part_1.txt,insert,0
13_02_View_Modifications_Introduction_Part_1.txt,defin,0
13_02_View_Modifications_Introduction_Part_2.txt,view,1
13_02_View_Modifications_Introduction_Part_2.txt,approach,2
13_02_View_Modifications_Introduction_Part_2.txt,modif,3
13_02_View_Modifications_Introduction_Part_2.txt,view creator,4
13_02_View_Modifications_Introduction_Part_2.txt,base tabl,5
13_02_View_Modifications_Introduction_Part_2.txt,creator,0
13_02_View_Modifications_Introduction_Part_2.txt,meaning,0
13_02_View_Modifications_Introduction_Part_2.txt,correct,0
13_02_View_Modifications_Introduction_Part_2.txt,correct meaning,0
13_02_View_Modifications_Introduction_Part_2.txt,trigger,0
13_03_View_Modifications_Using_Triggers.txt,view,1
13_03_View_Modifications_Using_Triggers.txt,trigger,2
13_03_View_Modifications_Using_Triggers.txt,insert,3
13_03_View_Modifications_Using_Triggers.txt,appli,4
13_03_View_Modifications_Using_Triggers.txt,student,5
13_03_View_Modifications_Using_Triggers.txt,major,0
13_03_View_Modifications_Using_Triggers.txt,delet,0
13_03_View_Modifications_Using_Triggers.txt,cs,0
13_03_View_Modifications_Using_Triggers.txt,berkeley,0
13_03_View_Modifications_Using_Triggers.txt,modif,0
13_04_Automatic_View_Modifications.txt,view,1
13_04_Automatic_View_Modifications.txt,insert,2
13_04_Automatic_View_Modifications.txt,student,3
13_04_Automatic_View_Modifications.txt,delet,4
13_04_Automatic_View_Modifications.txt,check option,5
13_04_Automatic_View_Modifications.txt,tabl,0
13_04_Automatic_View_Modifications.txt,appli,0
13_04_Automatic_View_Modifications.txt,modif,0
13_04_Automatic_View_Modifications.txt,cs,0
13_04_Automatic_View_Modifications.txt,updat,0
13_05_Materialized_Views_Part_1.txt,view,1
13_05_Materialized_Views_Part_1.txt,queri,2
13_05_Materialized_Views_Part_1.txt,tabl,3
13_05_Materialized_Views_Part_1.txt,colleg,4
13_05_Materialized_Views_Part_1.txt,materi,5
13_05_Materialized_Views_Part_1.txt,virtual view,0
13_05_Materialized_Views_Part_1.txt,virtual,0
13_05_Materialized_Views_Part_1.txt,materi view,0
13_05_Materialized_Views_Part_1.txt,affect view,0
13_05_Materialized_Views_Part_1.txt,view defin,0
13_05_Materialized_Views_Part_2.txt,view,1
13_05_Materialized_Views_Part_2.txt,materi view,2
13_05_Materialized_Views_Part_2.txt,materi,3
13_05_Materialized_Views_Part_2.txt,queri,4
13_05_Materialized_Views_Part_2.txt,modif,5
13_05_Materialized_Views_Part_2.txt,index,0
13_05_Materialized_Views_Part_2.txt,user,0
13_05_Materialized_Views_Part_2.txt,base,0
13_05_Materialized_Views_Part_2.txt,databas,0
13_05_Materialized_Views_Part_2.txt,virtual view,0
13_05_Materialized_Views_Part_3.txt,view,1
13_05_Materialized_Views_Part_3.txt,challeng,2
13_05_Materialized_Views_Part_3.txt,virtual,3
13_05_Materialized_Views_Part_3.txt,virtual view,4
13_05_Materialized_Views_Part_3.txt,improv,5
13_05_Materialized_Views_Part_3.txt,applic challeng,0
13_05_Materialized_Views_Part_3.txt,applic challeng process,0
13_05_Materialized_Views_Part_3.txt,applic challeng process challeng,0
13_05_Materialized_Views_Part_3.txt,virtual view applic challeng,0
13_05_Materialized_Views_Part_3.txt,virtual view applic,0
14_01_Authorization_Part_1.txt,privileg,1
14_01_Authorization_Part_1.txt,student,2
14_01_Authorization_Part_1.txt,user,3
14_01_Authorization_Part_1.txt,relat,4
14_01_Authorization_Part_1.txt,student id,5
14_01_Authorization_Part_1.txt,privileg student,0
14_01_Authorization_Part_1.txt,read,0
14_01_Authorization_Part_1.txt,id,0
14_01_Authorization_Part_1.txt,select privileg,0
14_01_Authorization_Part_1.txt,attribut read,0
14_01_Authorization_Part_2.txt,view,1
14_01_Authorization_Part_2.txt,student,2
14_01_Authorization_Part_2.txt,user,3
14_01_Authorization_Part_2.txt,stanford,4
14_01_Authorization_Part_2.txt,privileg,5
14_01_Authorization_Part_2.txt,student appli stanford,0
14_01_Authorization_Part_2.txt,author,0
14_01_Authorization_Part_2.txt,privileg view,0
14_01_Authorization_Part_2.txt,ss,0
14_01_Authorization_Part_2.txt,appli stanford,0
14_01_Authorization_Part_3.txt,privileg,1
14_01_Authorization_Part_3.txt,grant,2
14_01_Authorization_Part_3.txt,revok,3
14_01_Authorization_Part_3.txt,user,4
14_01_Authorization_Part_3.txt,revok privileg,5
14_01_Authorization_Part_3.txt,grant privileg,0
14_01_Authorization_Part_3.txt,u2,0
14_01_Authorization_Part_3.txt,user grant,0
14_01_Authorization_Part_3.txt,option,0
14_01_Authorization_Part_3.txt,cascad,0
14_01_Authorization_Part_4.txt,privileg,1
14_01_Authorization_Part_4.txt,softwar,2
14_01_Authorization_Part_4.txt,end user,3
14_01_Authorization_Part_4.txt,user,4
14_01_Authorization_Part_4.txt,modul,5
14_01_Authorization_Part_4.txt,author,0
14_01_Authorization_Part_4.txt,databas,0
14_01_Authorization_Part_4.txt,grant,0
14_01_Authorization_Part_4.txt,system,0
14_01_Authorization_Part_4.txt,develop,0
15_01_Basic_Recursive_WITH_Statement_Introduction.txt,recurs,1
15_01_Basic_Recursive_WITH_Statement_Introduction.txt,queri,2
15_01_Basic_Recursive_WITH_Statement_Introduction.txt,flight,3
15_01_Basic_Recursive_WITH_Statement_Introduction.txt,sql,4
15_01_Basic_Recursive_WITH_Statement_Introduction.txt,parent,5
15_01_Basic_Recursive_WITH_Statement_Introduction.txt,recurs queri,0
15_01_Basic_Recursive_WITH_Statement_Introduction.txt,union,0
15_01_Basic_Recursive_WITH_Statement_Introduction.txt,r1,0
15_01_Basic_Recursive_WITH_Statement_Introduction.txt,salari,0
15_01_Basic_Recursive_WITH_Statement_Introduction.txt,employe,0
15_02_Basic_Recursive_WITH_Statement_Demo.txt,recurs,1
15_02_Basic_Recursive_WITH_Statement_Demo.txt,flight,2
15_02_Basic_Recursive_WITH_Statement_Demo.txt,cost,3
15_02_Basic_Recursive_WITH_Statement_Demo.txt,rout,4
15_02_Basic_Recursive_WITH_Statement_Demo.txt,queri,5
15_02_Basic_Recursive_WITH_Statement_Demo.txt,total,0
15_02_Basic_Recursive_WITH_Statement_Demo.txt,manag,0
15_02_Basic_Recursive_WITH_Statement_Demo.txt,ancestor,0
15_02_Basic_Recursive_WITH_Statement_Demo.txt,employe,0
15_02_Basic_Recursive_WITH_Statement_Demo.txt,project,0
15_03_Nonlinear_and_Mutual_Recursion_Part_1.txt,ancestor,1
15_03_Nonlinear_and_Mutual_Recursion_Part_1.txt,recurs,2
15_03_Nonlinear_and_Mutual_Recursion_Part_1.txt,linear,3
15_03_Nonlinear_and_Mutual_Recursion_Part_1.txt,parent,4
15_03_Nonlinear_and_Mutual_Recursion_Part_1.txt,ancestor tabl,5
15_03_Nonlinear_and_Mutual_Recursion_Part_1.txt,recurs defin,0
15_03_Nonlinear_and_Mutual_Recursion_Part_1.txt,john,0
15_03_Nonlinear_and_Mutual_Recursion_Part_1.txt,iter,0
15_03_Nonlinear_and_Mutual_Recursion_Part_1.txt,queri,0
15_03_Nonlinear_and_Mutual_Recursion_Part_1.txt,linear recurs,0
15_03_Nonlinear_and_Mutual_Recursion_Part_2.txt,hub,1
15_03_Nonlinear_and_Mutual_Recursion_Part_2.txt,node,2
15_03_Nonlinear_and_Mutual_Recursion_Part_2.txt,recurs,3
15_03_Nonlinear_and_Mutual_Recursion_Part_2.txt,author,4
15_03_Nonlinear_and_Mutual_Recursion_Part_2.txt,hub author,5
15_03_Nonlinear_and_Mutual_Recursion_Part_2.txt,mutual,0
15_03_Nonlinear_and_Mutual_Recursion_Part_2.txt,mutual recurs,0
15_03_Nonlinear_and_Mutual_Recursion_Part_2.txt,defin relat,0
15_03_Nonlinear_and_Mutual_Recursion_Part_2.txt,node hub,0
15_03_Nonlinear_and_Mutual_Recursion_Part_2.txt,recurs defin relat,0
16_01_Introduction_to_OLAP_Part_1.txt,dimens,1
16_01_Introduction_to_OLAP_Part_1.txt,cube,2
16_01_Introduction_to_OLAP_Part_1.txt,custom,3
16_01_Introduction_to_OLAP_Part_1.txt,sale,4
16_01_Introduction_to_OLAP_Part_1.txt,item,5
16_01_Introduction_to_OLAP_Part_1.txt,olap,0
16_01_Introduction_to_OLAP_Part_1.txt,store,0
16_01_Introduction_to_OLAP_Part_1.txt,tabl,0
16_01_Introduction_to_OLAP_Part_1.txt,fact tabl,0
16_01_Introduction_to_OLAP_Part_1.txt,dimens tabl,0
16_01_Introduction_to_OLAP_Part_2.txt,cube,1
16_01_Introduction_to_OLAP_Part_2.txt,dimens,2
16_01_Introduction_to_OLAP_Part_2.txt,data,3
16_01_Introduction_to_OLAP_Part_2.txt,group,4
16_01_Introduction_to_OLAP_Part_2.txt,drill,5
16_01_Introduction_to_OLAP_Part_2.txt,rollup,0
16_01_Introduction_to_OLAP_Part_2.txt,data cube,0
16_01_Introduction_to_OLAP_Part_2.txt,olap,0
16_01_Introduction_to_OLAP_Part_2.txt,queri,0
16_01_Introduction_to_OLAP_Part_2.txt,brand,0
16_02_OLAP_Demo.txt,cube,1
16_02_OLAP_Demo.txt,sale,2
16_02_OLAP_Demo.txt,custom,3
16_02_OLAP_Demo.txt,item,4
16_02_OLAP_Demo.txt,dimens,5
16_02_OLAP_Demo.txt,counti,0
16_02_OLAP_Demo.txt,queri,0
16_02_OLAP_Demo.txt,store item,0
16_02_OLAP_Demo.txt,store,0
16_02_OLAP_Demo.txt,tabl,0
17_01_NoSQLMotivation.txt,nosql,1
17_01_NoSQLMotivation.txt,system,2
17_01_NoSQLMotivation.txt,tradit,3
17_01_NoSQLMotivation.txt,data,4
17_01_NoSQLMotivation.txt,user,5
17_01_NoSQLMotivation.txt,nosql system,0
17_01_NoSQLMotivation.txt,friend,0
17_01_NoSQLMotivation.txt,solut,0
17_01_NoSQLMotivation.txt,tradit relat,0
17_01_NoSQLMotivation.txt,nosql solut,0
17_01_NoSQLOverview.txt,reduc,1
17_01_NoSQLOverview.txt,function,2
17_01_NoSQLOverview.txt,record,3
17_01_NoSQLOverview.txt,mapreduc,4
17_01_NoSQLOverview.txt,map,5
17_01_NoSQLOverview.txt,node,0
17_01_NoSQLOverview.txt,key,0
17_01_NoSQLOverview.txt,reduc function,0
17_01_NoSQLOverview.txt,domain,0
17_01_NoSQLOverview.txt,map function,0
